{
  "urls": [
    "ch10.ogg",
    "ch10.m4a",
    "ch10.mp3"
  ],
  "sprite": {
    "Bet Down": [
      0,
      883.6734693877552
    ],
    "Bet Max": [
      2000,
      1584.7619047619048
    ],
    "Bet Up": [
      5000,
      701.40589569161
    ]
  }
}